id,display_name,rayon_name,source_name,total_report_date,total_annual_plan_initial,total_annual_plan_modified,total_annual_plan_expected,total_fact_previous_year,total_period_plan_modified,total_fact_per_capita,total_deviation_yoy,total_fact_previous_period,total_fact_current,pdfo_report_date,pdfo_annual_plan_initial,pdfo_annual_plan_modified,pdfo_annual_plan_expected,pdfo_fact_previous_year,pdfo_period_plan_modified,pdfo_fact_per_capita,pdfo_deviation_yoy,pdfo_fact_previous_period,pdfo_fact_current,single_report_date,single_annual_plan_initial,single_annual_plan_modified,single_annual_plan_expected,single_fact_previous_year,single_period_plan_modified,single_fact_per_capita,single_deviation_yoy,single_fact_previous_period,single_fact_current,excise_fuel_report_date,excise_fuel_annual_plan_initial,excise_fuel_annual_plan_modified,excise_fuel_annual_plan_expected,excise_fuel_fact_previous_year,excise_fuel_period_plan_modified,excise_fuel_fact_per_capita,excise_fuel_deviation_yoy,excise_fuel_fact_previous_period,excise_fuel_fact_current,excise_retail_report_date,excise_retail_annual_plan_initial,excise_retail_annual_plan_modified,excise_retail_annual_plan_expected,excise_retail_fact_previous_year,excise_retail_period_plan_modified,excise_retail_fact_per_capita,excise_retail_deviation_yoy,excise_retail_fact_previous_period,excise_retail_fact_current,land_retail_report_date,land_retail_annual_plan_initial,land_retail_annual_plan_modified,land_retail_annual_plan_expected,land_retail_fact_previous_year,land_retail_period_plan_modified,land_retail_fact_per_capita,land_retail_deviation_yoy,land_retail_fact_previous_period,land_retail_fact_current,property_report_date,property_annual_plan_initial,property_annual_plan_modified,property_annual_plan_expected,property_fact_previous_year,property_period_plan_modified,property_fact_per_capita,property_deviation_yoy,property_fact_previous_period,property_fact_current,other_report_date,other_annual_plan_initial,other_annual_plan_modified,other_annual_plan_expected,other_fact_previous_year,other_period_plan_modified,other_fact_per_capita,other_deviation_yoy,other_fact_previous_period,other_fact_current
0,Обласний бюджет,,Обласний бюджет,2026-07-09,2347210000,2411842419,81854907.88,2173976989,1338944619,,136043973.1,1155212999,1291256972,2026-07-09,1928725000,1960749387,33974065.23,1725957926,1100302387,,85925278.82,946958919.7,1032884199,2026-07-09,0,0,0,0,0,,0,0,0,2026-07-09,0,0,0,0,0,,0,0,0,2026-07-09,0,0,0,0,0,,0,0,0,2026-07-09,0,0,0,0,0,,0,0,0,2026-07-09,0,0,0,0,0,,0,0,0,2026-07-09,418485000,451093032,47880842.65,448019063,238642232,0,50118694.28,208254079.3,258372773
0,Звенигородський районний,,Звенигородський районний,2026-07-09,20000,42514,72799.54233,115931.16,33514,,-47617.39,107327.69,59710.3,2026-07-09,0,0,0,0,0,,0,0,0,2026-07-09,0,0,0,0,0,,0,0,0,2026-07-09,0,0,0,0,0,,0,0,0,2026-07-09,0,0,0,0,0,,0,0,0,2026-07-09,0,0,0,0,0,,0,0,0,2026-07-09,0,0,0,0,0,,0,0,0,2026-07-09,20000,42514,72799.54233,115931.16,33514,0,-47617.39,107327.69,59710.3
0,Золотонiський районний,,Золотонiський районний,2026-07-09,8000,21975,62384.20556,15547.59,21975,,28134.3,15547.59,43681.89,2026-07-09,0,0,0,0,0,,0,0,0,2026-07-09,0,0,0,0,0,,0,0,0,2026-07-09,0,0,0,0,0,,0,0,0,2026-07-09,0,0,0,0,0,,0,0,0,2026-07-09,0,0,0,0,0,,0,0,0,2026-07-09,0,0,0,0,0,,0,0,0,2026-07-09,8000,21975,62384.20556,15547.59,21975,0,28134.3,15547.59,43681.89
0,Уманський районний,,Уманський районний,2026-07-09,0,0,0,5144.08,0,,-3831.98,3831.98,0,2026-07-09,0,0,0,0,0,,0,0,0,2026-07-09,0,0,0,0,0,,0,0,0,2026-07-09,0,0,0,0,0,,0,0,0,2026-07-09,0,0,0,0,0,,0,0,0,2026-07-09,0,0,0,0,0,,0,0,0,2026-07-09,0,0,0,0,0,,0,0,0,2026-07-09,0,0,0,5144.08,0,0,-3831.98,3831.98,0
0,Черкаський районний,,Черкаський районний,2026-07-09,2952400,2952400,257111.0283,4171585.56,1102000,,-1069293.76,2731204.95,1661911.19,2026-07-09,0,0,0,0,0,,0,0,0,2026-07-09,0,0,0,0,0,,0,0,0,2026-07-09,0,0,0,0,0,,0,0,0,2026-07-09,0,0,0,0,0,,0,0,0,2026-07-09,0,0,0,0,0,,0,0,0,2026-07-09,0,0,0,0,0,,0,0,0,2026-07-09,2952400,2952400,257111.0283,4171585.56,1102000,0,-1069293.76,2731204.95,1661911.19
578,Білозірська сільська,Черкаський,Білозірська сільська,2026-07-09,66711891,67696891,1842031.996,61061199.07,39588813,4213.412811,956584.76,35051241.12,36007825.88,2026-07-09,38042845,38252845,2129067.174,32371196.25,21749700,2446.768784,2825855.39,18084230.64,20910086.03,2026-07-09,10801000,10801000,-816834.3987,10255041.08,6776750,604.947696,-1469608.88,6639491.89,5169883.01,2026-07-09,2700000,2700000,-294444.422,2511567.62,1582000,145.7543237,-172070.86,1417687.31,1245616.45,2026-07-09,1503000,1534900,155648.4069,1550862.06,916900,102.4315305,-25668.41,901048.27,875379.86,2026-07-09,6872000,7317000,859309.1299,7099969.88,4263000,495.4083864,606212.86,3627547.21,4233760.07,2026-07-09,2365422,2625422,260915.9233,2311855.76,1567000,174.885268,228637.56,1265931.94,1494569.5,2026-07-09,4427624,4465724,-451629.8174,4960706.42,2733463,243.2168224,-1036772.9,3115303.86,2078530.96
203,Єрківська селищна,Звенигородський,Єрківська селищна,2026-07-09,74891600,83189110,8572212.243,71631649.63,50796760,9811.019381,6280376.23,41234390.63,47514766.86,2026-07-09,62226300,68096300,7717671.478,58773804.59,41458200,8105.946223,5622219.32,33634878.24,39257097.56,2026-07-09,5410000,5650000,-760091.5238,5045548.27,3096000,522.8236217,-109565.53,2641600.33,2532034.8,2026-07-09,86000,1724290,1822604.665,69459.86,1684290,379.2300661,1797241.77,39369.44,1836611.21,2026-07-09,478000,478000,22927.46772,421021.4,274000,53.55861243,9252.43,250131.93,259384.36,2026-07-09,4850000,5287097,-492.0396825,4678691.17,3072597,565.2379723,118848.88,2618598.62,2737447.5,2026-07-09,1637000,1699680,-193029.041,1499024.72,1070930,161.089459,-239457.61,1019613.86,780156.25,2026-07-09,204300,253743,-37378.76324,1144099.62,140743,23.13342647,-918163.03,1030198.21,112035.18
169,Мокрокалигірська сільська,Звенигородський,Мокрокалигірська сільська,2026-07-09,57351548,58835150,-847020.4032,53578784.71,31506219,6338.765066,1952922.39,28073807.73,30026730.12,2026-07-09,33445700,34321000,1003396.451,31109765.54,18154285,3861.360106,1952842.88,16338419.94,18291262.82,2026-07-09,8899950,9418552,-397792.5431,8433370.65,5332493,986.0720688,312488.9,4358534.49,4671023.39,2026-07-09,0,0,0,0,0,0,0,0,0,2026-07-09,274000,274000,-13530.72778,229455.02,145658,28.47226726,2595.2,132277.93,134873.13,2026-07-09,13905800,14005800,-1223596.561,12946411.03,7393655,1397.24087,-102225.17,6720955.17,6618730,2026-07-09,460200,460200,-132618.3516,450229.25,309857,35.80841672,-157490.91,327115.38,169624.47,2026-07-09,365898,355598,-82878.67072,409553.22,170271,29.81133722,-55288.51,196504.82,141216.31
1264,Тальнівська міська,Звенигородський,Тальнівська міська,2026-07-09,334000000,359603260,-19222271.75,337263573.5,199444660,5747.662592,2434379.5,173817693.9,176252073.4,2026-07-09,157850000,170670000,-16635394.22,158414740.7,89220000,2601.023477,5241798.65,74518586.26,79760384.91,2026-07-09,75100000,75506000,-4197293.721,72352504.93,43130000,1204.116557,-4089716.24,41013950.45,36924234.21,2026-07-09,13780000,16179000,-585418.2627,13414277.27,10429000,263.3127275,1166404.53,6908080.26,8074484.79,2026-07-09,8400000,9380378,-476650.9651,7962566.8,5745378,150.3480528,100530.78,4509892.26,4610423.04,2026-07-09,66700000,74482782,4099855.167,70358034.79,43702782,1326.943923,1233177.85,39457557.56,40690735.41,2026-07-09,5642000,5872000,-2486423.188,6517478.46,2417000,57.16874287,-1105537.16,2858616.66,1753079.5,2026-07-09,6528000,7513100,1059053.44,8243970.55,4800500,144.7491118,-112278.91,4551010.45,4438731.54
456,Стеблівська селищна,Звенигородський,Стеблівська селищна,2026-07-09,78320400,79808048,4534267.132,77927494.52,40275559,6142.49564,4403666.87,39269477.13,43673144,2026-07-09,54798500,55945148,5779199.579,54865359.32,27536648,4495.270675,4736604.23,27224770.27,31961374.5,2026-07-09,11140000,11140000,-943060.3717,10852529.83,5409000,742.624353,-61609.66,5341668.81,5280059.15,2026-07-09,0,0,0,0,0,0,0,0,0,2026-07-09,1570000,1570000,-124551.8161,1520763.31,898000,105.2693319,-134420.75,882885.7,748464.95,2026-07-09,8945000,8945000,-304829.9056,8838220.88,4920400,629.247692,-184592.7,4658543.79,4473951.09,2026-07-09,918000,918000,85580.94127,885452.91,624700,73.08895359,-97305.55,616968.01,519662.46,2026-07-09,948900,1289900,41928.70513,965168.27,886811,96.99463451,144991.3,544640.55,689631.85
367,Набутівська сільська,Черкаський,Набутівська сільська,2026-07-09,49765196,50716472,-1065167.95,50157390.8,28234775,4212.658255,-886649.1,26596502.43,25709853.33,2026-07-09,28596534,29198593,-2578966.583,27987584.28,16264694,2258.538645,-1243666.86,15027528.21,13783861.35,2026-07-09,8100000,8100000,75279.46296,7973400.34,4661100,693.6304932,-202705.46,4435932.36,4233226.9,2026-07-09,0,0,0,0,0,0,0,0,0,2026-07-09,305600,305600,150986.3214,315203.52,171870,38.73900541,64225.88,172198.27,236424.15,2026-07-09,11740000,11740000,305948.7103,12830871.7,6138760,1022.036908,-130516.88,6368008.13,6237491.25,2026-07-09,264000,264000,113217.1101,276109.07,102095,32.00493528,79673.52,115652.6,195326.12,2026-07-09,759062,1108279,868367.0282,774221.89,896256,167.7082681,546340.7,477182.86,1023523.56
398,Селищенська сільська,Звенигородський,Селищенська сільська,2026-07-09,56239090,58445640,2200449.84,54786904.45,30897510,5001.281061,2151169.6,29251874.18,31403043.78,2026-07-09,36720000,38620000,1153076.512,34224141.36,19730000,3279.953165,2328177.17,18266648.75,20594825.92,2026-07-09,7700000,8006550,-3787.574603,7806600.89,4354050,659.9611658,217719.72,3926176.44,4143896.16,2026-07-09,0,0,0,93503.96,0,0,-93503.96,93503.96,0,2026-07-09,590000,590000,-5640.349471,609109.54,340000,48.1901943,-33334.83,335921.06,302586.23,2026-07-09,9435000,9435000,918726.7495,9981128.55,5503400,853.8373642,-216540.92,5577785.73,5361244.81,2026-07-09,721000,721000,-99541.18942,736518.58,470400,51.24963848,-83956.6,405753.08,321796.48,2026-07-09,1073090,1073090,237615.692,1335901.57,499660,108.0895332,32609.02,646085.16,678694.18
568,Ротмістрівська сільська,Черкаський,Ротмістрівська сільська,2026-07-09,73666053,73666053,-6482805.918,61770997.6,45812361,3914.48605,1519795.83,33268241.7,34788037.53,2026-07-09,45592793,45592793,-2754951.965,36085233.32,30523342,2495.981341,3143320.98,19038465.2,22181786.18,2026-07-09,12550000,12550000,988871.1889,12438954.86,7796193,788.8532441,-28112.43,7038651.21,7010538.78,2026-07-09,1105000,1105000,-975663.6791,951662.45,278700,7.535885001,-562219.7,629191.11,66971.41,2026-07-09,850000,850000,-50173.06667,753756.45,491137,46.60256104,-32598.02,446754.98,414156.96,2026-07-09,8427800,8427800,-1037016.988,8412526.19,4586828,430.6299302,-739289.6,4566297.79,3827008.19,2026-07-09,1801100,1801100,-722658.8333,1374357.79,775264,62.83624395,-270443.51,828869.21,558425.7,2026-07-09,3339360,3339360,-1931212.575,1754506.54,1360897,82.04684471,9138.11,720012.2,729150.31
1275,Шполянська міська,Звенигородський,Шполянська міська,2026-07-09,362845618,370991328,14839342.33,367153129.9,201926928,6035.657301,11436784.33,188349508,199786292.3,2026-07-09,203400000,205889473,9645282.179,204210390.4,104654473,3371.670576,10102870.44,101502797.3,111605667.8,2026-07-09,64320000,65320000,1749449.197,64089282.59,39390000,1049.186189,-789529.5,35518641.55,34729112.05,2026-07-09,25238000,27763737,2660022.273,26389411.96,17075737,475.9273922,2079412.44,13674260.17,15753672.61,2026-07-09,10280000,10280000,749531.2019,10278931.17,5930000,172.5380475,-97520.42,5808702.33,5711181.91,2026-07-09,40570000,42484500,-1272732.902,42905061.7,23724500,644.6872218,-627098.09,21966889.82,21339791.73,2026-07-09,10988090,11204090,1910929.786,10870651.35,6618590,205.1619299,1368002.38,5423062.66,6791065.04,2026-07-09,8049528,8049528,-603139.4049,8409400.73,4533628,116.4859446,-599352.92,4455154.17,3855801.16
415,Степанецька сільська,Черкаський,Степанецька сільська,2026-07-09,269600000,290693930,44787836.58,287714094.8,177846280,25580.21147,13551095.71,160164120.4,173715216.1,2026-07-09,236598900,248098900,34214475.02,241198846.4,148762000,21526.16492,10261476.62,135922709.4,146184186,2026-07-09,10150000,11036930,1218543.774,11442902.56,7181930,934.469894,500555.68,5845429.37,6345985.05,2026-07-09,7090000,13534000,6958007.286,15832991.49,10634000,1562.498866,2511074.14,8099855.66,10610929.8,2026-07-09,1280000,1695000,564179.7632,1776406.08,1174600,172.260617,166960.78,1002861.07,1169821.85,2026-07-09,12197000,13297000,1212050.439,14936315.61,8031000,1106.303279,-349253.36,7862158.93,7512905.57,2026-07-09,1135500,1135500,-435704.2521,1246771.7,706500,53.35885584,-354575.67,716935.66,362359.99,2026-07-09,1148600,1896600,1056284.55,1279860.96,1356250,225.1550382,814857.52,714170.31,1529027.84
280,Мліївська сільська,Черкаський,Мліївська сільська,2026-07-09,49695466,49695466,-6391908.255,41831160.13,25688780,4322.07751,-183998.59,22606936.71,22422938.12,2026-07-09,20691355,20691355,400397.1304,17479100.61,10481349,2105.14314,2383757.4,8537725.21,10921482.61,2026-07-09,7914679,7914679,-1320228.867,6955283.52,4433744,658.1843639,-687039.87,4101700.35,3414660.48,2026-07-09,0,0,0,0,0,0,0,0,0,2026-07-09,1226116,1226116,71920.03942,1075421.91,646195,129.5554607,118411.84,553721.89,672133.73,2026-07-09,13215090,13215090,-2965391.92,10667699.12,6726464,1023.010391,-332238.88,5639616.79,5307377.91,2026-07-09,5124896,5124896,-2273353.797,4290655.58,2787176,284.609096,-1706145.01,3182697,1476551.99,2026-07-09,1523330,1523330,-305250.8408,1362999.39,613852,121.5750584,39255.93,591475.47,630731.4
1235,Жашківська міська,Уманський,Жашківська міська,2026-07-09,351175500,368466962,-23071474.35,329270384.5,193333492,6274.729761,13753804.12,165094818.3,178848622.4,2026-07-09,185033100,195259917,-9380970.422,169331375,99798117,3376.825117,14019071.55,82230574.76,96249646.31,2026-07-09,69300000,71700860,-2016755.975,66332657,40590860,1265.936982,-1111459.98,37194461.79,36083001.81,2026-07-09,15400000,15570000,-509300.4376,14301447.6,9151000,273.6046739,118316.37,7680237.65,7798554.02,2026-07-09,11050000,11521500,-549390.2119,10311093.67,6646500,199.3280928,-18450.46,5699899.09,5681448.63,2026-07-09,58700000,61306000,-10260630.73,57076774.09,29456000,927.330869,159565.53,26272146.23,26431711.76,2026-07-09,6115700,6115700,-1966923.638,5918684.93,3017700,75.3699786,-675510.77,2823781.27,2148270.5,2026-07-09,5576700,6992985,1612497.065,5998352.21,4673315,156.3340477,1262271.88,3193717.51,4455989.37
1086,Кам'янська міська,Черкаський,Кам'янська міська,2026-07-09,172265000,174195769,8188550.797,170162499.5,101162469,4939.335766,6870128.64,87569971.2,94440099.84,2026-07-09,82868000,84068000,3240661.558,80535885.74,47833000,2364.494904,4202880.33,41006262.23,45209142.56,2026-07-09,31930000,31930000,2540035.853,32073043.6,19806000,933.5181946,267017.27,17581850.61,17848867.88,2026-07-09,7330000,8060769,4976554.395,7151962.58,5463769,353.0770507,3750479.53,3000353.68,6750833.21,2026-07-09,8415000,8415000,14476.77989,8318249.62,4885000,228.2872573,-271376.67,4636229.03,4364852.36,2026-07-09,34380300,34380300,-2672516.748,34099192.6,19051000,858.7108149,-1040270.9,17458821.68,16418550.78,2026-07-09,4044500,4044500,-615797.1632,4218760.8,2480800,92.85619822,-289365.67,2064776.18,1775410.51,2026-07-09,3297200,3297200,705136.1223,3765404.56,1642900,108.3913463,250764.75,1821677.79,2072442.54
114,Ліплявська сільська,Черкаський,Ліплявська сільська,2026-07-09,39818350,41165645,4554383.658,40937005.63,20929920,6812.721329,1288656.22,22385550.4,23674206.62,2026-07-09,23167000,24514295,4155987.105,23222732.11,12508835,4272.146106,2079217.89,12766489.83,14845707.72,2026-07-09,6845000,6845000,-705256.0712,7395989.68,4013485,914.8805381,-572960.78,3752170.65,3179209.87,2026-07-09,0,0,0,0,0,0,0,0,0,2026-07-09,490000,490000,-41082.67619,494890.14,119000,66.89297266,-52667.48,285120.56,232453.08,2026-07-09,6670000,6670000,1093481.789,7052155.18,3441000,1156.833001,30341.13,3989653.55,4019994.68,2026-07-09,1680000,1680000,-41892.8619,1836843.53,431300,244.093623,-335982.2,1184207.54,848225.34,2026-07-09,966350,966350,93146.37329,934394.99,416300,157.8750882,140707.66,407908.27,548615.93
150,Іваньківська сільська,Уманський,Іваньківська сільська,2026-07-09,40764851,41244151,-1720593.335,47221312.59,21177548,4840.497401,-6009733.4,26475356.41,20465623.01,2026-07-09,18221250,18451550,565276.8971,20984071.95,9647000,2329.013545,224831.04,9622238.23,9847069.27,2026-07-09,7828740,8027740,203945.8098,7974536.17,4674995,1008.144411,-245430.79,4507865.36,4262434.57,2026-07-09,696000,696000,29058.61455,610993.1,421100,88.79879612,43453.62,331987.69,375441.31,2026-07-09,366000,366000,226190.6386,385788.79,242250,72.52629612,106080.61,200560.57,306641.18,2026-07-09,12574130,12624130,-2680383.842,16155291.12,5690010,1217.822491,-6030211.23,11179164.72,5148953.49,2026-07-09,665635,665635,-279296.5979,599743.59,279919,47.3153264,-85257.36,285306.56,200049.2,2026-07-09,413096,413096,214615.1449,510887.87,222274,76.87653536,-23199.29,348233.28,325033.99
934,Паланська сільська,Уманський,Паланська сільська,2026-07-09,191315000,199246761,19904020.46,202212708.1,100068461,7822.297917,6396589.77,107081486.1,113478075.9,2026-07-09,120900000,126586761,5324714.099,118640008.7,64038761,4708.406012,7156771.89,61148074.12,68304846.01,2026-07-09,32000000,32000000,4779432.664,34163727.68,15790000,1312.793309,87987.08,18956705.45,19044692.53,2026-07-09,11000000,11000000,1143323.488,11685545.29,5210000,433.4399056,-132697.72,6420610.43,6287912.71,2026-07-09,866000,866000,85844.85635,945966.94,412000,33.97484594,-1059.03,493932.12,492873.09,2026-07-09,19500000,19500000,5569972.432,21097756.21,9608000,894.8395795,1355238.83,11626198.95,12981437.78,2026-07-09,2125000,2125000,296789.2524,2802210.48,799300,86.44257117,-181257.05,1435279.43,1254022.38,2026-07-09,4924000,7169000,2703943.668,12877492.8,4210400,352.4016938,-1888394.23,7000685.6,5112291.4
471,Степанківська сільська,Черкаський,Степанківська сільська,2026-07-09,65194095,68757056,7768676.853,63163890.1,39482081,5603.967395,3158474.18,36467179.27,39625653.45,2026-07-09,40998500,43647337,3551125.046,38159259,24561987,3456.335961,2202292.42,22237459.16,24439751.58,2026-07-09,9131195,9289925,2070513.869,9285713.01,5247630,831.9231537,875876.56,5006652.06,5882528.62,2026-07-09,1800000,1800000,98630.04021,1843156.68,1049000,139.0363796,-3898.78,987025.02,983126.24,2026-07-09,1906000,1906000,93973.00476,1943236.59,1111830,146.457709,-76106.27,1111708.73,1035602.46,2026-07-09,7881700,8595024,1721649.359,7835123.96,5310784,755.4883694,891870.48,4450187.78,5342058.26,2026-07-09,2675600,2675600,11156.09709,2827500.2,1772850,196.7507269,-547619.92,1938844.31,1391224.39,2026-07-09,801100,843170,221629.4369,1269900.66,428000,77.9750954,-183940.31,735302.21,551361.9
997,Іркліївська сільська,Золотоніський,Іркліївська сільська,2026-07-09,205000000,211000000,-15552245.44,170767738.3,116435010,5624.969638,-5679260.68,106883714.4,101204453.7,2026-07-09,127089423,128878667,-10650955.5,96967420.39,72563920,3402.583412,-8345956.64,69565237.39,61219280.75,2026-07-09,33499140,33619140,-3907431.166,31239717.45,17009231,855.1004357,523619.9,14861347.14,15384967.04,2026-07-09,4944300,4944300,-296808.9196,4116575.19,2561110,133.7543953,340539.83,2065969.25,2406509.08,2026-07-09,4772500,4772500,-344036.6712,4343952.69,2666907,127.4507954,-138434.84,2431529.55,2293094.71,2026-07-09,30723900,34813900,-936961.2796,30310459.56,18927996,974.9753952,2159682.98,15382074.33,17541757.31,2026-07-09,1575200,1575200,588391.2265,1441606.38,1086486,62.26797021,111873.67,1008451.65,1120325.32,2026-07-09,2395537,2396293,-4443.1301,2348006.64,1619360,68.83723419,-330585.58,1569105.09,1238519.49
63,Матусівська сільська,Звенигородський,Матусівська сільська,2026-07-09,24290620,24290620,-3574622.624,23245505.83,12532923,2890.572274,-145836.48,10872750.19,10726913.71,2026-07-09,11739000,11739000,-1098580.061,10405763.91,5104689,1484.693317,2028950.49,3480746.41,5509696.9,2026-07-09,7384140,7384140,-2212781.974,7620357.09,4351416,721.5768499,-1633516.2,4311287.89,2677771.69,2026-07-09,36100,36100,-36100,35960.08,36100,0,-35960.08,35960.08,0,2026-07-09,844800,844800,-10421.97354,847471.31,494692,116.4235516,-62644.64,494692.44,432047.8,2026-07-09,3670350,3670350,-322717.5643,3709280.55,2154664,467.1063298,-415165.5,2148597.09,1733431.59,2026-07-09,342330,342330,118876.8931,347121,220540,64.35373754,19136.13,219680.59,238816.72,2026-07-09,273900,273900,-12897.94426,279551.89,170822,36.41848816,-46636.68,181785.69,135149.01
53,Зорівська сільська,Золотоніський,Зорівська сільська,2026-07-09,47438000,49818000,14813339.52,46994182.46,26937150,9252.595748,7167434.56,26299204.26,33466638.82,2026-07-09,26248500,27185500,15164602.54,25630868.54,14387000,6062.823108,6875717.49,15053513.69,21929231.18,2026-07-09,7933900,9134400,603213.7598,7996016.62,5382425,1394.032745,722581.57,4319634.87,5042216.44,2026-07-09,0,0,0,0,0,0,0,0,0,2026-07-09,273200,273200,-79934.52778,267358.09,159250,27.66780481,-48936.78,149011.23,100074.45,2026-07-09,12341400,12522900,-942728.5622,12425757.96,6529925,1657.812538,-296777.31,6293085.26,5996307.95,2026-07-09,462700,492200,30932.54206,498907.52,352775,74.89143766,-102924,373806.33,270882.33,2026-07-09,178300,209800,37253.76812,175273.73,125775,35.36811453,17773.59,110152.88,127926.47
372,Михайлівська сільська,Черкаський,Михайлівська сільська,2026-07-09,55917300,59026800,4231624.503,55636318.39,31740335,5657.293979,-1068114.75,33823846.89,32755732.14,2026-07-09,32528500,35138000,3797999.243,30763115.23,19030200,3482.103701,-1123336.51,21284716.94,20161380.43,2026-07-09,8700000,9000000,524190.9984,8653578.96,4941000,851.7624145,88355.99,4843348.39,4931704.38,2026-07-09,5400000,5400000,-339031.0101,4937775.8,3130000,452.6099033,250821.7,2369789.64,2620611.34,2026-07-09,710000,710000,-80221.89312,723561.5,378700,56.32198273,-67995.93,394100.21,326104.28,2026-07-09,7516500,7716500,456468.2212,8878367.38,3790000,730.9205734,243670.17,3988359.95,4232030.12,2026-07-09,875000,875000,-149103.1214,874620.77,350000,64.91802591,-133281.97,509157.34,375875.37,2026-07-09,187300,187300,21322.06502,805298.75,120435,18.65737816,-326348.2,434374.42,108026.22
205,Буцька селищна,Уманський,Буцька селищна,2026-07-09,56265155,58334390,-899485.7275,54860581.15,30389355,5836.001864,2414119.92,27326145.58,29740265.5,2026-07-09,30511600,32533555,-1065345.755,29123971.16,15829655,3197.507337,3077467.02,13217030.37,16294497.39,2026-07-09,10890580,10890580,1107093.965,10627889.47,6351700,1219.092266,45551.68,6166942.51,6212494.19,2026-07-09,2397370,2397370,-170910.8452,2396295.12,1323970,226.2321134,-132612.34,1285491.19,1152878.85,2026-07-09,578700,578700,131959.4225,574363.18,327100,72.21061421,50046.62,317938.67,367985.29,2026-07-09,11257100,11257100,-1006556.491,11335236.93,6138800,1041.565086,-652503.46,5960319.14,5307815.68,2026-07-09,551810,551810,78121.77381,533260.36,340630,64.00781986,-4698.38,330882.23,326183.85,2026-07-09,77995,125275,26152.20239,269564.93,77500,15.38662753,30868.78,47541.47,78410.25
701,Балаклеївська сільська,Черкаський,Балаклеївська сільська,2026-07-09,60086300,60098300,23162514.72,69126250.64,34436824,4604.136501,6250422.98,36862711.22,43113134.2,2026-07-09,35809000,35809000,16227530.19,39711749.21,20681700,2877.503527,5738886.72,21206056.31,26944943.03,2026-07-09,12163400,12163400,2918131.986,13351567.49,7172400,833.9749274,-26407.38,7835748.6,7809341.22,2026-07-09,3130000,3130000,1116382.461,3603926.44,1588000,234.8154357,417735.05,1781076.69,2198811.74,2026-07-09,1427000,1427000,176283.3378,1564884.39,838000,88.65797629,-64262.36,894455.65,830193.29,2026-07-09,5268000,5268000,1553329.904,6852460.74,3016500,377.2042599,-316512.13,3848652.82,3532140.69,2026-07-09,961000,961000,106227.8259,994548.12,522200,59.01530756,17309.64,535309.7,552619.34,2026-07-09,1327900,1339900,1064629.015,3047114.25,618024,132.9650672,483673.44,761411.45,1245084.89
300,Березняківська сільська,Черкаський,Березняківська сільська,2026-07-09,27408582,27408582,408893.7884,28213934.29,14678004,2662.990867,55240.9,14348876.7,14404117.6,2026-07-09,15208000,15208000,764707.527,15183541.02,7746030,1529.081021,1314310.91,6956488.33,8270799.24,2026-07-09,6660700,6660700,-17439.98095,6805116.71,4093698,635.9649917,-673938.25,4113872.89,3439934.64,2026-07-09,0,0,0,0,0,0,0,0,0,2026-07-09,231500,231500,38696.15529,250597.18,127198,25.86611019,-5699.61,145609.4,139909.79,2026-07-09,4093100,4093100,-511311.818,4217353.87,2198393,342.8876613,-602328.91,2457008.27,1854679.36,2026-07-09,843000,843000,-88617.72963,1344528.25,386491,72.21766315,-73555.91,464181.25,390625.34,2026-07-09,372282,372282,222859.6347,412797.26,126194,56.97341966,96452.67,211716.56,308169.23
171,Бобрицька сільська,Черкаський,Бобрицька сільська,2026-07-09,69219200,74992500,-2144932.188,67418729.42,43710065,8602.296319,2259481.3,35461588.06,37721069.36,2026-07-09,25443600,28218000,1836264.076,24107305.31,18054200,3548.99543,2911561.74,12650783.22,15562344.96,2026-07-09,8238100,9685700,-2050526.892,8234691.28,5463000,901.6089829,139426.49,3814128.9,3953555.39,2026-07-09,0,0,0,0,0,0,0,0,0,2026-07-09,378700,378700,-79656.83254,360254.38,182032,35.31288712,-49093,203940.01,154847.01,2026-07-09,32661200,34169200,-1353608.144,31952315.15,18661897,3875.070281,-269046.18,17261229.36,16992183.18,2026-07-09,1531200,1531200,-533514.1177,1531950.63,763200,117.8129875,-233309.92,749919.87,516609.95,2026-07-09,966400,1009700,36109.72224,1232212.67,585736,123.4957505,-240057.83,781586.7,541528.87
61,Бужанська сільська,Звенигородський,Бужанська сільська,2026-07-09,31274417,31965537,-976359.7995,32746395.47,17303739,4715.383679,-438948.81,16485399.47,16046450.66,2026-07-09,17902072,17902072,-998862.364,17942905.05,8898753,2572.03082,330282.64,8422338.24,8752620.88,2026-07-09,5878300,6069420,398322.218,5819964.06,3842968,984.146365,196273.1,3152776.98,3349050.08,2026-07-09,0,0,0,0,0,0,0,0,0,2026-07-09,91400,91400,86936.1418,153883.31,53400,27.13603291,7998.47,84345.45,92343.92,2026-07-09,6441260,6741260,-644135.9238,7421213.98,3683359,927.7522656,-792712.72,3949853.68,3157140.96,2026-07-09,669385,669385,-5831.222222,836188.69,438385,100.9678519,-95025.84,438619.44,343593.6,2026-07-09,292000,492000,187211.3507,572240.38,386874,103.3503436,-85764.46,437465.68,351701.22
44,Великохутірська сільська,Золотоніський,Великохутірська сільська,2026-07-09,36677480,37808280,3768123.392,39974279.86,21460307,6960.427869,-179199.04,21707802.44,21528603.4,2026-07-09,16771170,17131170,433263.2847,17848657.4,8780500,2940.513392,473402.55,8621605.37,9095007.92,2026-07-09,7860700,7860700,509351.4196,8784970.31,5150500,1401.254905,-1330450.8,5664532.22,4334081.42,2026-07-09,972000,1485050,831302.7452,1115039.13,1047050,387.78742,669253.61,530172.88,1199426.49,2026-07-09,248800,273800,108637.5177,288545.38,167800,64.02498868,50646.98,147382.31,198029.29,2026-07-09,10224200,10239010,1713574.897,11177422.06,5686910,2001.017362,19076.07,6170070.63,6189146.7,2026-07-09,257340,257340,36899.41984,276002.84,165960,49.25948594,-62300.1,214659.69,152359.59,2026-07-09,343270,561210,135094.108,483642.74,461587,116.5703154,1172.65,359379.34,360551.99
582,Вільшанська селищна,Звенигородський,Вільшанська селищна,2026-07-09,60698900,60698900,2088835.644,61892003.64,30410000,3620.490599,4656110.75,27855894.83,32512005.58,2026-07-09,31405900,31405900,155360.1823,30883208.09,13395000,1819.897542,3826835.94,12515843.99,16342679.93,2026-07-09,13263000,13263000,2388471.433,13894650.12,7729000,902.5011748,1032635.96,7071824.59,8104460.55,2026-07-09,590000,590000,-516842.123,556332.86,343700,4.218457684,-489926.08,527807.83,37881.75,2026-07-09,1160000,1160000,229643.4111,1240116.76,680000,80.13015367,8896.82,710671.96,719568.78,2026-07-09,12363000,12363000,-832585.0339,13339169.05,7148400,664.8712294,-322750.68,6293294.32,5970543.64,2026-07-09,1515000,1515000,399818.5241,1516298.63,885200,110.4130033,533877.21,457631.56,991508.77,2026-07-09,402000,402000,264969.2504,462228.13,228700,38.45903815,66541.58,278820.58,345362.16
317,Водяницька сільська,Звенигородський,Водяницька сільська,2026-07-09,55551590,59644029,7402699.778,55064023.69,34371249,6082.226214,4999493.27,29717853.96,34717347.23,2026-07-09,33382600,35574600,5522169.869,31662380.1,19670700,3728.143872,5155458.97,16124786.25,21280245.22,2026-07-09,9593800,10510925,894849.3413,10430824.68,6519525,1034.688805,-99439.78,6005443.48,5906003.7,2026-07-09,38100,38100,-38100,36465.33,23700,0,-27020.8,27020.8,0,2026-07-09,215000,215000,31597.1672,232672.45,125900,22.3703644,-6704.92,134394.96,127690.04,2026-07-09,11120000,11876898,584185.2177,11542557.17,7063198,1130.422444,-233830.7,6686282.01,6452451.31,2026-07-09,298300,298300,-41432.85291,287314.61,166200,23.30201822,-48886.25,181894.17,133007.92,2026-07-09,903790,1130206,449431.0357,871809.35,802026,143.2987104,259916.75,558032.29,817949.04
644,Дмитрушківська сільська,Уманський,Дмитрушківська сільська,2026-07-09,113002400,113002400,25065911.28,115497404.6,68256265,7641.396579,10089429.3,61403477.09,71492906.39,2026-07-09,50807600,50807600,6999326.351,49280199.41,27235000,3199.326805,3679058.05,26253843.54,29932901.59,2026-07-09,17146400,17146400,723346.0127,16872908.84,10119200,989.0018555,-1225358.11,10478459.47,9253101.36,2026-07-09,24800000,24800000,15990944.56,28337147.9,18668000,2257.576567,7900892.21,13220994.15,21121886.36,2026-07-09,2900000,2900000,401762.287,3139074.1,1645000,182.7361746,-3728.35,1713408,1709679.65,2026-07-09,12597100,12597100,2186848.973,12707826.9,8049100,818.2182867,874113.47,6781136.82,7655250.29,2026-07-09,2987100,2987100,-1058731.17,3196957.39,1543100,106.7256552,-867472.01,1865997.24,998525.23,2026-07-09,1764200,1764200,-177585.7337,1963290.06,996865,87.811235,-268075.96,1089637.87,821561.91
540,Ладижинська сільська,Уманський,Ладижинська сільська,2026-07-09,129728600,134593800,-5372108.084,132282808.1,71567800,6598.171203,2793889.34,64118164.83,66912054.17,2026-07-09,41528000,42219900,-8180175.567,42647767.6,15971900,1738.097731,1881202.28,15744846.81,17626049.09,2026-07-09,14338000,14338000,891106.2751,14258978.42,8465000,777.6113204,-1060023.95,8945780.35,7885756.4,2026-07-09,50200000,53900000,6708709.61,51417132.27,35250000,3094.733063,3992100.19,27391587.8,31383687.99,2026-07-09,4174000,4332000,-500323.2971,4190837.83,2353000,195.648722,-262027.23,2246100.92,1984073.69,2026-07-09,15767000,15767000,-4472196.416,15816755.62,7513000,576.7224268,-2114306.4,7962848.53,5848542.13,2026-07-09,3006705,3006705,-524066.9452,3166801.98,1450000,126.7656434,-215526.74,1501057.13,1285530.39,2026-07-09,714895,1030195,704838.2562,784534.38,564900,88.5922964,572471.19,325943.29,898414.48
526,Леськівська сільська,Черкаський,Леськівська сільська,2026-07-09,52343280,54853280,2394796.203,53490591.82,29339600,3671.479365,2720022.04,26923502.35,29643524.39,2026-07-09,29530000,32066420,1036287.904,29375254.82,16877120,2122.969313,2869334.88,14271519.35,17140854.23,2026-07-09,11088740,11088740,309058.2415,11458121.28,5742800,730.9727037,149148.65,5752724.96,5901873.61,2026-07-09,470000,470000,-25183.61534,461058.69,285600,28.52731979,-34559.18,264888.76,230329.58,2026-07-09,1300000,1300000,408837.1278,1304990.49,690300,109.5925081,246367.48,638482.43,884849.91,2026-07-09,6338000,6338000,206433.5847,6647839.8,3832300,419.7128437,-440214.17,3828975.67,3388761.5,2026-07-09,1430000,1430000,240874.3275,1439667.81,854700,107.1578474,15046.74,850145.72,865192.46,2026-07-09,2186540,2160120,218488.6328,2803658.93,1056780,152.5468293,-85102.36,1316765.46,1231663.1
16,Лип'янська сільська,Звенигородський,Лип'янська сільська,2026-07-09,37890890,40017441.84,-5556906.107,39434429.12,19348641.84,5789.730253,208857.15,17635091.49,17843948.64,2026-07-09,14401000,15168846,-4414423.95,15507818.48,5738846,1806.855331,488165.68,5080562.45,5568728.13,2026-07-09,8240000,8813705.84,545310.6462,8519496.83,5052705.84,1572.412609,207628.26,4638547.4,4846175.66,2026-07-09,0,0,0,0,0,0,0,0,0,2026-07-09,282000,282000,-13681.91455,289316.34,156000,45.08024335,-22769.53,161706.84,138937.31,2026-07-09,14558500,15228500,-1996902.671,14703244.65,8009000,2223.046674,-610859.1,7462288.95,6851429.85,2026-07-09,160500,160500,133009.2847,162235.69,128200,49.31262816,23758.47,128223.05,151981.52,2026-07-09,248890,363890,189782.4977,252317.13,263890,93.02276749,122933.37,163762.8,286696.17
876,Лисянська селищна,Звенигородський,Лисянська селищна,2026-07-09,111360580,119887570,6947054.63,112677356.2,72196827,4811.781897,5859242.84,59816768.27,65676011.11,2026-07-09,60470000,65622460,2392224.27,61203714.91,38291010,2580.303505,3335604.05,31882958.49,35218562.54,2026-07-09,23195190,25519720,1987322.091,23139944.64,16734512,1043.546962,1723411.97,12519960.51,14243372.48,2026-07-09,4935000,5235000,1011990.72,5012076.58,3616900,236.9948817,612693.47,2622049.67,3234743.14,2026-07-09,2832300,2832300,367758.6098,2841078.19,1651900,121.4020551,65324.51,1591692.14,1657016.65,2026-07-09,16372565,17122565,541105.9524,16316980.41,9963115,670.1145871,177898.65,8968495.35,9146394,2026-07-09,1846650,1846650,296482.3778,1947386,1036115,81.30497179,131195.3,978536.26,1109731.56,2026-07-09,1708875,1708875,350170.609,2216175.47,903275,78.11493431,-186885.11,1253075.85,1066190.74
90,Медведівська сільська,Черкаський,Медведівська сільська,2026-07-09,23301700,25935900,953954.7653,24028001.62,13570989,3830.478077,2079353.53,11844434.28,13923787.81,2026-07-09,10793300,12492300,-416981.6323,10732702.38,5956236,1720.137304,1690015.4,4562683.7,6252699.1,2026-07-09,5022900,5942800,914508.8037,5261862.27,3557800,976.8282971,765672.3,2785098.56,3550770.86,2026-07-09,0,0,0,0,0,0,0,0,0,2026-07-09,101000,107300,188406.0632,303416.48,62540,42.12352957,-7072.27,160191.3,153119.03,2026-07-09,6790000,6790000,158582.1521,6991256,3700224,989.8302476,-416372.4,4014405.35,3598032.95,2026-07-09,556200,556200,-35647.98862,637563.3,263985,74.15298762,14670.36,254875.75,269546.11,2026-07-09,38300,47300,145087.3672,101201.19,30204,27.40571111,32440.14,67179.62,99619.76
893,Руськополянська сільська,Черкаський,Руськополянська сільська,2026-07-09,162600000,167492000,11380009.42,162905113.2,96197650,6824.950015,7109748.2,85511648.46,92621396.66,2026-07-09,56900000,58331000,3441775.142,53800952.74,33186300,2356.970797,3120523.26,28865927.43,31986450.69,2026-07-09,27250000,27950000,-1032775.777,24018303.59,16040000,1027.040007,132830.54,13805129.4,13937959.94,2026-07-09,40000000,42341000,4060348.472,42691244.54,25721000,1770.466408,3234102.4,20792897.22,24026999.62,2026-07-09,6700000,6700000,1084459.981,6984657.34,3910000,297.0199219,457704.5,3573152.86,4030857.36,2026-07-09,14700000,15056280,3196630.923,17280739.47,8943180,696.4488468,-557493.9,10009001.2,9451507.3,2026-07-09,7410000,7410000,977781.0918,8160273.94,4338200,320.0399374,-147923.75,4491185.74,4343261.99,2026-07-09,9640000,9703720,-348210.4128,9968941.58,4058970,356.9640969,870005.15,3974354.61,4844359.76
261,Сагунівська сільська,Черкаський,Сагунівська сільська,2026-07-09,33925000,33925000,13383026.76,36159066.22,17811550,4855.596648,4734339.43,19762145.66,24496485.09,2026-07-09,20026000,20026000,8566633.048,20654028.82,9851600,2934.687889,3717714.57,11087785.83,14805500.4,2026-07-09,6250000,6250000,3116309.746,6787371.35,3645500,961.3383885,1073488.08,3776464.09,4849952.17,2026-07-09,0,0,0,0,0,0,0,0,0,2026-07-09,1570000,1570000,80121.27725,1786816.49,915000,169.3649871,-96607.31,951053.67,854446.36,2026-07-09,4736000,4736000,1172637.072,5310799.89,2611000,606.4501169,48363.26,3011177.58,3059540.84,2026-07-09,1065000,1065000,252043.8489,1090339.72,607300,135.1786184,15265.92,666710.21,681976.13,2026-07-09,278000,278000,195281.7679,529709.95,181150,48.5766481,-23885.09,268954.28,245069.19
265,Тернівська сільська,Черкаський,Тернівська сільська,2026-07-09,32229500,32889500,1071003.694,33689362.85,17736600,3330.497716,-76153.44,17661181.38,17585027.94,2026-07-09,17440000,17990000,177436.9807,17856256.38,9738000,1781.675794,757190.97,8650057.22,9407248.19,2026-07-09,7690000,7690000,235072.8899,7835394.58,4245000,777.2098258,-685966.78,4789634.66,4103667.88,2026-07-09,430000,430000,1148965.783,866698.15,237500,154.8487614,648303.97,169297.49,817601.46,2026-07-09,205000,205000,15279.2381,200502.35,119500,21.60272727,-1300.87,115363.27,114062.4,2026-07-09,5031000,5031000,-894002.4,5136284.32,2654500,405.7142727,-906051.5,3048222.86,2142171.36,2026-07-09,883700,883700,433944.6312,1054841.98,445525,129.2210644,135719.8,546567.42,682287.22,2026-07-09,549800,659800,-45693.4289,739385.09,296575,60.22527043,-24049.03,342038.46,317989.43
895,Слобідська сільська,Черкаський,Червонослобідська сільська,2026-07-09,164650000,170542200,14635626.11,164369518.6,100226120,6823.697721,480899.8,95405700.57,95886600.37,2026-07-09,86840000,90680500,6184481.015,80842338.44,53373100,3569.419536,3552482.71,46605000.61,50157483.32,2026-07-09,25900000,26646000,3978081.393,26767695.82,15597000,1128.480006,1576871.01,14280530.04,15857401.05,2026-07-09,9400000,10597400,1275004.034,9957804.67,6254400,437.4913457,1043407.76,5104220.63,6147628.39,2026-07-09,9800000,9370000,-688467.4296,14120065.03,5030000,319.9095445,-5826877.14,10322246.06,4495368.92,2026-07-09,21300000,22000000,2690709.797,20707870.75,12595000,909.8386329,1643060.9,11141991.57,12785052.47,2026-07-09,8810740,8810740,-108871.1746,9346827.69,6110690,320.658924,-2001550,6507449.2,4505899.2,2026-07-09,2599260,2437560,1304688.475,2626916.2,1265930,137.8997319,493504.56,1444262.46,1937767.02
1109,Чигиринська міська,Черкаський,Чигиринська міська,2026-07-09,174800000,183100000,-3148474.959,172789888.2,101049500,4944.305355,-2546140.66,95726519.38,93180378.72,2026-07-09,95600000,103600000,-3282462.066,90142391.5,57420000,2756.300842,2210109.52,49735136.15,51945245.67,2026-07-09,31430000,31535000,4926319.328,30695127.72,18325000,1001.802549,2171458.61,16708512.22,18879970.83,2026-07-09,3650000,3750900,957603.3603,3729214.66,2205900,129.3697198,394495.17,2043606.57,2438101.74,2026-07-09,5440000,5440000,450678.3381,5480388.45,2920000,161.8508787,83773.85,2966467.81,3050241.66,2026-07-09,34106000,34106000,-5744177.02,37740247.22,17872000,779.2627109,-6943324.15,21629309.2,14685985.05,2026-07-09,929000,929000,-99850.95582,993680.13,564000,22.78150218,-174491.67,603831.86,429340.19,2026-07-09,3645000,3739100,-356585.9436,4008838.52,1742600,92.93715242,-288161.99,2039655.57,1751493.58
141,Шевченківська сільська,Звенигородський,Шевченківська сільська,2026-07-09,35622652,35642652,-4399139.497,31012555.57,16849298,3559.54842,2135135.78,14043011.79,16178147.57,2026-07-09,23265518,23265518,-4341255.084,18523026.46,10178108,2156.026156,2205772.93,7593365.95,9799138.88,2026-07-09,6240500,6260500,804613.3267,6365335.7,3091700,804.9227173,282404.5,3375969.25,3658373.75,2026-07-09,1500,1500,795.0195767,1822.19,855,0.261469747,148.9,1039.48,1188.38,2026-07-09,698000,698000,9514.068783,721119.84,422460,80.60651265,-55146.23,421502.83,366356.6,2026-07-09,4929900,4929900,-904496.264,4803487.53,2929400,458.6110319,-341663.73,2426050.87,2084387.14,2026-07-09,425000,425000,-130081.4291,382710.1,210500,33.59983718,-62961.72,215672.98,152711.26,2026-07-09,62234,62234,161770.865,215053.75,16275,25.52069522,106581.13,9410.43,115991.56
1208,Канівська міська,Черкаський,Канівська міська,2026-07-09,380000000,395500000,8173426.045,364167364.6,229624950,7885.668611,4396466.55,204628951.3,209025417.9,2026-07-09,238800000,249500000,11200000.73,227124540.3,145051000,5092.71525,6981940.16,128010663,134992603.1,2026-07-09,53000000,54600000,-241334.7693,49349001.35,32250000,1061.884168,-30328.59,28177692.23,28147363.64,2026-07-09,22000000,23500000,455853.037,20973395.55,13450000,467.9721432,1554939.63,10849597.97,12404537.6,2026-07-09,14000000,14000000,-1478419.944,12682697.29,7900000,244.6062199,-690789.31,7174566.38,6483777.07,2026-07-09,34300000,34300000,-485775.9272,33924578.82,18960000,660.5531803,-2438264.8,19947547.95,17509283.15,2026-07-09,9600000,9600000,-2849890.113,9400584.44,5860000,131.8618621,-1847797.44,5343059.82,3495262.38,2026-07-09,8300000,10000000,1572993.032,10712566.85,6153950,226.0757875,866766.9,5125823.95,5992590.96
930,Драбівська селищна,Золотоніський,Драбівська селищна,2026-07-09,135930000,153412812,3654717.691,143483355.2,86271562,5236.341607,6575984.62,74754873.22,81330857.84,2026-07-09,68130000,76412888,579729.2344,70235366.95,41307888,2566.791786,4147972.05,35719437.97,39867410.02,2026-07-09,28945000,34102060,2642169.379,29966318.92,20502060,1224.984804,2795058.48,16231405.5,19026463.98,2026-07-09,4950000,5550000,-93365.46746,5501716.1,3175000,181.9141263,-28126.22,2853616.43,2825490.21,2026-07-09,3500000,3650000,18735.68175,3620552.41,2080000,122.3088778,-212358.32,2112059.81,1899701.49,2026-07-09,26400000,29096444,-714877.9574,28462695.8,16101444,946.18904,248896.8,14447311.37,14696208.17,2026-07-09,2942000,3442000,575543.5865,3871729.7,2420000,133.9374897,-545863.82,2626180.91,2080317.09,2026-07-09,1063000,1159420,646783.2342,1824975.32,685170,60.2154832,170405.65,764861.23,935266.88
116,Баштечківська сільська,Уманський,Баштечківська сільська,2026-07-09,43290678,46094916,-4013831.106,45335129.05,24484784,5517.835308,-850375.98,22640307.61,21789931.63,2026-07-09,22693362,24493637,-3306488.643,23508990.49,11708275,2778.14119,1136673.46,9834206.1,10970879.56,2026-07-09,9320000,9602000,-680298.5304,9445405.21,5867000,1169.848151,-1162877.92,5782608.27,4619730.35,2026-07-09,0,0,0,0,0,0,0,0,0,2026-07-09,283000,283000,16799.70238,306101.35,174500,39.31090149,-42042.2,197280.95,155238.75,2026-07-09,10186500,10893500,-48968.56534,10826766.75,6228500,1421.977085,-529516.9,6144904.41,5615387.51,2026-07-09,507700,507700,53328.85053,580945.23,333300,73.5642821,-47420.59,337925.94,290505.35,2026-07-09,300116,315079,-48203.92017,666920.02,173209,34.99369841,-205191.83,343381.94,138190.11
105,Виноградська сільська,Звенигородський,Виноградська сільська,2026-07-09,42319800,45259800,300902.2952,43553517.06,24414634,6122.94475,2294765.52,21296940.6,23591706.12,2026-07-09,19088258,20437609,172342.4931,20193389.39,10177596,2769.790366,2083449.7,8588552.58,10672002.28,2026-07-09,10945200,11565200,32944.77169,10815499.66,6691928,1558.685359,-66306.29,6071920.98,6005614.69,2026-07-09,913385,913385,219647.2082,937318.26,487125,152.2692421,94547.23,492146.16,586693.39,2026-07-09,313630,313630,76138.47513,333329.28,185688,52.38134441,16412.98,185412.34,201825.32,2026-07-09,8845990,9738670,-361066.2267,8998171.23,5249459,1260.264809,479947.21,4375853.1,4855800.31,2026-07-09,2113172,2113172,156218.0106,2130981.22,1496894,304.985414,-321783.36,1496892.16,1175108.8,2026-07-09,100165,178134,4677.56318,144828.02,125944,24.56821549,8498.05,86163.28,94661.33
308,Бабанська селищна,Уманський,Бабанська селищна,2026-07-09,69000000,72750000,-6132267.484,68932491.38,37542345,5363.061169,1294963.21,33200246.23,34495209.44,2026-07-09,38700000,41110000,-3328009.805,39274204.97,19680000,3041.639468,2708096.72,16855728.34,19563825.06,2026-07-09,12915000,13575000,-238961.1651,12820187.22,8360000,1073.617929,-742975.05,7648485.57,6905510.52,2026-07-09,53000,53000,-53000,48142.99,24000,0,-48142.99,48142.99,0,2026-07-09,1000000,1000000,-70309.19524,1061584.12,605000,74.84476679,-149586.72,630988.26,481401.54,2026-07-09,14550000,15230000,-2189515.589,14268424.2,7865000,1049.824317,-416188.83,7168658.84,6752470.01,2026-07-09,932300,932300,-418248.6386,874302.39,440250,41.38370958,-146848.14,413028.16,266180.02,2026-07-09,849700,849700,165776.9089,585645.49,568095,81.75097863,90608.22,435214.07,525822.29
259,Будищенська сільська,Черкаський,Будищенська сільська,2026-07-09,69110600,73536395,6811065.796,71291484.85,40672395,8720.305091,255423.52,41349152.07,41604575.59,2026-07-09,41260000,44400000,5464616.635,43081215.86,24385500,5411.927969,1019863.91,24800444.43,25820308.34,2026-07-09,9030000,10315795,1361527.715,9058654.52,5611295,1267.3682,953112.82,5093500.86,6046613.68,2026-07-09,0,0,0,0,0,0,0,0,0,2026-07-09,3000000,3000000,-15822.22381,3256862.98,1820000,323.8800629,-243696.05,1788927.83,1545231.78,2026-07-09,7570000,7570000,1723386.763,8191906.23,4510000,1008.63384,-80341.11,4892533.16,4812192.05,2026-07-09,3505000,3505000,-467985.9632,3645976.76,2287500,329.6145106,-783145.57,2355736.4,1572590.83,2026-07-09,4745600,4745600,-1254657.13,4056868.5,2058100,378.8805085,-610370.48,2418009.39,1807638.91
1058,Багачевська міська,Звенигородський,Ватутінська міська,2026-07-09,118766100,134486401,12633215.49,113522101.1,81805102,3721.713157,6461793.61,69717953.01,76179746.62,2026-07-09,64000000,72865274,9606660.605,57709888.06,44586105,2086.308349,4823850.25,37880795.34,42704645.59,2026-07-09,27500000,31966955,1757217.895,28319915.56,19331955,853.1268704,1243133.48,16219520.43,17462653.91,2026-07-09,5030000,5400000,326193.2511,5233901.42,3304162,144.856609,418081.24,2546988.69,2965069.93,2026-07-09,6000000,6270000,224889.2571,5754094.16,3769994,164.3024593,71912.3,3291194.74,3363107.04,2026-07-09,11800000,13075382,1422473.812,11840934.25,8002877,366.7550393,18243.59,7488865.31,7507108.9,2026-07-09,2800000,2963000,-1077829.093,2763993.96,1558000,47.68953002,-225183.8,1201340.79,976156.99,2026-07-09,1636100,1945790,373609.7628,1899373.69,1252009,58.67429998,111756.55,1089247.71,1201004.26
242,Вознесенська сільська,Золотоніський,Вознесенська сільська,2026-07-09,39999210,41335393,9017012.61,44595510.03,23385669,5303.679715,2849857.11,23223032.37,26072889.48,2026-07-09,21719325,22519325,6203492.096,24228289.77,12520312,3025.409026,2448628.23,12424282.54,14872910.77,2026-07-09,6140000,6290000,1793773.499,6545678.16,3504166,851.473629,665388.08,3520456.28,4185844.36,2026-07-09,0,0,0,0,0,0,0,0,0,2026-07-09,712000,712000,129248.2921,803804.14,415333,88.60969894,-36013.58,471618.86,435605.28,2026-07-09,9370000,9756183,1018252.985,9452460.65,5564517,1134.884359,575617.4,5003474.11,5579091.51,2026-07-09,1744950,1744950,-389132.3169,2742880.62,1189539,142.8099146,-512579.52,1214633.06,702053.54,2026-07-09,312935,312935,261378.0548,822396.69,191802,60.49308746,-291183.5,588567.52,297384.02
525,Гельмязівська сільська,Золотоніський,Гельмязівська сільська,2026-07-09,108979800,110385800,-3251099.361,99001866.7,62296700,6943.951502,415009.68,55060218.87,55475228.55,2026-07-09,60119200,61506200,-3023693.527,54033595.53,35031300,3790.552326,-451044.54,30733767.07,30282722.53,2026-07-09,16786900,16786900,935722.0444,16853292.61,9402500,1148.694375,25622.25,9151297.11,9176919.36,2026-07-09,2219100,2219100,-296097.5579,1805953.03,1057000,124.6396883,161190.37,834556.1,995746.47,2026-07-09,1974900,1974900,194980.3503,1813202.82,1061800,140.6411165,181243.19,942338.69,1123581.88,2026-07-09,25221800,25221800,-1534687.772,21873763.63,13790600,1535.28369,674419.62,11590961.78,12265381.4,2026-07-09,1738900,1738900,458305.0228,1587585.08,1318700,142.4121692,-12814.23,1150545.05,1137730.82,2026-07-09,919000,938000,14372.0784,1034474,634800,61.728137,-163606.98,656753.07,493146.09
1129,Городищенська міська,Черкаський,Городищенська міська,2026-07-09,190000000,200266846,6274108.718,186994066.5,117284446,4761.312615,7894461.46,99054142.49,106948604,2026-07-09,106440000,112991483.9,9731367.883,104252062.7,67571483.93,2829.084736,10587232.31,52959669.04,63546901.35,2026-07-09,34700000,36278000,-2055702.412,33107658.32,20478000,788.9140313,-579945.77,18300532.74,17720586.97,2026-07-09,11587000,12487000,1190180.214,12264555.28,7655000,315.2950018,831977.11,6250179.22,7082156.33,2026-07-09,8000000,8700000,87193.9291,7614084.51,5100000,202.5679476,326323.27,4223757.97,4550081.24,2026-07-09,21200000,21737362.07,-1259806.563,21149534.77,12087362.07,472.0615506,-1439069.43,12042515.98,10603446.55,2026-07-09,5501200,5501200,-2627037.743,5101884.11,3030600,66.25700472,-1521547.6,3009812.44,1488264.84,2026-07-09,2571800,2571800.03,1207913.41,3504286.81,1362000,87.13234298,-310508.43,2267675.1,1957166.72
1210,Звенигородська міська,Звенигородський,Звенигородська міська,2026-07-09,262531400,269816062,22388485.22,256269367.7,161923662,5607.453442,11221419.82,140084496.4,151305916.2,2026-07-09,156800000,158720000,12517871.72,146184694.9,95886000,3286.082993,8669271.61,79999105.8,88668377.41,2026-07-09,52400000,52860000,1967978.793,50944936.1,29790000,1052.157954,697920.43,27692457.63,28390378.06,2026-07-09,8900000,9677000,908602.6362,9456829.38,5887000,203.13946,542619.95,4938692.1,5481312.05,2026-07-09,9000000,9540000,962511.5836,9704418.15,5690000,201.544929,-117708.34,5555995.16,5438286.82,2026-07-09,21850000,23135000,5985181.221,23074075.61,15065000,558.8210792,1662735.78,13415933.4,15078669.18,2026-07-09,6805000,6805000,-1775748.429,7366568.74,3943000,96.51216692,-1437521.26,4041709.06,2604187.8,2026-07-09,6776400,9079062,1822087.695,9537844.82,5662662,209.1948599,1204101.65,4440603.25,5644704.88
1256,Золотоніська міська,Золотоніський,Золотоніська міська,2026-07-09,433000000,452900000,11561163.93,402103871.6,263704280,6888.406031,19166092.85,221335715.3,240501808.2,2026-07-09,240466200,255816200,10199828.69,222834762.8,150065800,3945.273704,16375056.88,121370229.2,137745286.1,2026-07-09,64054300,64354300,-714676.7389,59167573.7,37791200,943.836856,-129705.03,33082825.02,32953119.99,2026-07-09,38207600,39357600,-1064176.478,32163511.33,22350000,567.9283222,3009082.95,16819566.49,19828649.44,2026-07-09,23236200,24036200,-875296.3955,21610588.64,13870000,343.4984891,-305188.11,12298094.36,11992906.25,2026-07-09,42727800,43427800,-461736.6854,42196363.23,23927030,637.228067,-1507289.11,23755469.84,22248180.73,2026-07-09,8312600,9212600,-738502.9937,8669290.17,5927600,125.6790136,-766336.46,5154293.54,4387957.08,2026-07-09,15995300,16695300,5215724.532,15461781.73,9772650,324.9615791,2490471.73,8855236.85,11345708.61
827,Калинопільська селищна,Звенигородський,Катеринопільська селищна,2026-07-09,127810939,145126291,11477836.41,141142400.1,84567102,6392.15705,8296420.41,72794483.92,81090904.33,2026-07-09,71610000,80655562,3347946.247,78272348.27,44515562,3428.796075,5146986.86,38350720.15,43497707.01,2026-07-09,21510000,22090000,2878971.757,23047705.3,13574000,1019.165915,-260378.42,13189517.22,12929138.8,2026-07-09,3140000,3440000,72082.89603,3332846.24,1885000,143.3537277,123567.93,1695017.46,1818585.39,2026-07-09,2910000,3150000,111145.2995,3052613.51,1870000,133.1111335,-25486.09,1714133.93,1688647.84,2026-07-09,25940000,32904790,5140899.447,29198018.85,20904790,1552.922174,4090097.93,15610272.77,19700370.7,2026-07-09,596450,596450,-180401.1193,724783.13,425450,16.98199038,-309247.36,524680.89,215433.53,2026-07-09,2104489,2289489,107191.8828,3514084.8,1392300,97.82603442,-469120.44,1710141.5,1241021.06
1097,Корсунь-Шевченківська міська,Черкаський,Корсунь-Шевченківська міська,2026-07-09,235000000,239266665,6347555.651,221788424.6,132916965,6227.649701,-349665.67,127530727.9,127181062.2,2026-07-09,141365300,144013500,5701578.148,129025187.6,79733500,3796.087455,3102269.8,74421428.2,77523698,2026-07-09,45502000,45502000,-180423.1481,43539077.5,26290000,1149.147243,-3158322.66,26626207.66,23467885,2026-07-09,10100000,10400000,457862.5093,9737185.14,6000000,275.3055749,511898.33,5110392.12,5622290.45,2026-07-09,10300000,10800000,-62573.00661,9703485.47,5810000,272.2518828,168531.84,5391396.11,5559927.95,2026-07-09,17000000,17300000,1620378.679,17365920.23,9255200,479.7339923,468036.36,9329091.23,9797127.59,2026-07-09,6500000,6500000,-770169.0701,7377894.44,3120000,145.2822226,-703658.26,3670611.81,2966953.55,2026-07-09,4232700,4751165,-419098.4605,5039674.22,2708265,109.8413304,-738421.08,2981600.77,2243179.66
1019,Маньківська селищна,Уманський,Маньківська селищна,2026-07-09,235895740,252041579,-11108296.56,223495644.7,138920439,7093.718879,10459549.64,114297684.3,124757233.9,2026-07-09,131050000,142248077,-13358692.21,123324558.9,74603077,3794.84749,8882528.68,57857454.13,66739982.81,2026-07-09,42150000,44750000,4953728.44,40653028.26,27485000,1463.410423,1073055.56,24663943.55,25736999.11,2026-07-09,11200000,12100000,-409982.546,10244269.42,7100000,344.1853142,708645.96,5344541.16,6053187.12,2026-07-09,5900000,5900000,46217.31746,5432233.41,3400000,175.0725081,14428.89,3064571.31,3079000.2,2026-07-09,35300000,35705700,356404.3243,33953406.33,20199300,1061.7646,26635.99,18646618.03,18673254.02,2026-07-09,6842100,7142100,-2300939.63,6330336.96,3679600,142.5366822,-548258.81,3055051.44,2506792.63,2026-07-09,3453640,4195702,-395032.2558,3557811.42,2453462,111.9018615,302513.37,1665504.68,1968018.01
1246,Монастирищенська міська,Уманський,Монастирищенська міська,2026-07-09,279137150,286967650,-32935657.23,247775187.8,143156905,3884.356656,6967490.83,124572363,131539853.8,2026-07-09,145230000,150025000,-12796325.33,130009882.9,73059150,2098.33852,9877137.6,61180998.05,71058135.65,2026-07-09,68366400,68966400,-2998503.48,63834198.7,38687900,1008.703019,-1980090.41,36138809.43,34158719.02,2026-07-09,8080000,9280000,-875016.2265,7129843.76,4875400,128.5190669,759995.84,3592173.84,4352169.68,2026-07-09,7100000,7335500,-896617.463,6479783.72,3823100,98.45577309,-292621.96,3626728.26,3334106.3,2026-07-09,28706550,29106550,-4990369.535,26358143.79,14197300,368.7560967,-245334.73,12732891.19,12487556.46,2026-07-09,16285000,16285000,-9075619.631,10089000.72,5015600,110.2373143,-1197425.09,4930501.5,3733076.41,2026-07-09,5369200,5969200,-1303205.565,3874334.21,3498455,71.34686601,45829.58,2370260.73,2416090.28
843,Мошнівська сільська,Черкаський,Мошнівська сільська,2026-07-09,81336300,83619900,12164108.66,86593625.39,46440350,3427.862807,5053961.82,44543785.13,49597746.95,2026-07-09,42768000,44999640,7930242.329,44621252.91,25064840,1894.224073,5680766.42,21726761.69,27407528.11,2026-07-09,15275000,15275000,810582.3286,15653638.77,8289500,575.6615343,-193568.2,8522814.94,8329246.74,2026-07-09,1033200,1033200,872396.6156,1064874.98,592700,68.1963916,363395.5,623338.09,986733.59,2026-07-09,2600000,2600000,136120.3966,2639621.99,1502000,97.91869721,-98171.68,1514957.31,1416785.63,2026-07-09,10840000,10840000,2573706.818,12132144.8,6104000,480.041996,386377.67,6559349.97,6945727.64,2026-07-09,3129000,3129000,36170.21032,3693477.34,2013500,113.2732843,-259206.09,1898157.24,1638951.15,2026-07-09,5691100,5743060,-195110.0381,6788614.6,2873810,198.5468306,-825631.8,3698405.89,2872774.09
710,Новодмитрівська сільська,Золотоніський,Новодмитрівська сільська,2026-07-09,100982400,111735888,10573157.81,110359025.7,63993258,6453.951819,4922558.92,58410070.28,63332629.2,2026-07-09,47240000,51740348,4749981.753,47856543.53,27605348,2980.857745,4169684,25081473.05,29251157.05,2026-07-09,15802000,17739000,1130915.189,16701475.03,10963500,995.7196759,535124.31,9235872.87,9770997.18,2026-07-09,11850000,13685078,649344.4852,12823012.08,8325078,756.3927219,573015.16,6849466.62,7422481.78,2026-07-09,1390000,1390000,71775.05873,1590947.66,850000,77.13432589,-183941.22,940860.36,756919.14,2026-07-09,20700000,22077432,2440803.053,25819676.83,12557432,1293.767821,-155078.52,12850822.15,12695743.63,2026-07-09,2688000,2978000,464014.3095,3277571.17,2159700,181.6267502,-453753.17,2236056.47,1782303.3,2026-07-09,1312400,2126030,1066323.962,2289799.4,1532200,168.4527791,437508.36,1215518.76,1653027.12
391,Піщанська сільська,Золотоніський,Піщанська сільська,2026-07-09,72022800,75620400,8575752.929,77617690.74,44619303,6631.801036,839638.5,42757821.51,43597460.01,2026-07-09,28715130,29938860,4366845.997,29312107.52,17507510,2702.126031,1453618.51,16310158.02,17763776.53,2026-07-09,9903200,10023200,-162424.2516,10069610.69,5517450,776.6946653,-941712.25,6047702.98,5105990.73,2026-07-09,5668637,7588637,2664404.152,7885999.02,5257500,807.591874,1586259.29,3722849.69,5309108.98,2026-07-09,2190000,2190000,-82294.30979,2051723.6,1280000,166.015718,-87748.03,1179135.36,1091387.33,2026-07-09,23871660,24101660,1461710.549,25699998.9,13936010,2013.526526,-389396.22,13626319.6,13236923.38,2026-07-09,1492210,1492210,79356.92354,1518938.48,905100,123.7861682,-276119.58,1089889.85,813770.27,2026-07-09,181963,285833,248153.8689,1079312.53,215733,42.0600535,-505263.22,781766.01,276502.79
1356,Смілянська міська,Черкаський,Смілянська міська,2026-07-09,637639000,652123803,9483550.517,595390040,380120153,5215.982423,6517711.57,336068014,342585725.5,2026-07-09,373028000,385512803,17757467.72,355096948.4,222796803,3179.303604,13816449.73,195000211,208816660.7,2026-07-09,108711000,108711000,323483.1521,96075290.33,64096000,859.6064487,794.67,56458156.88,56458951.55,2026-07-09,39166000,39166000,-931638.8278,34959530,22841000,301.4321935,1097193.5,18700872.97,19798066.47,2026-07-09,34279000,34279000,-3075363.361,29235055.85,20087000,246.0033423,-511788.74,16669288.26,16157499.52,2026-07-09,46263000,48263000,-107120.5132,45177077.86,28020000,379.6514951,-1422242.66,26357752.86,24935510.2,2026-07-09,17267000,17267000,-1259867.546,16709060.92,11215600,126.1970882,-2329589.37,10618214.12,8288624.75,2026-07-09,18925000,18925000,-3223410.107,18137076.64,11063750,123.7882512,-4133105.56,12263517.91,8130412.31
1368,Уманська міська,Уманський,Уманська міська,2026-07-09,856448500,973323900,-8716799.01,901569888.4,545967300,6051.240401,14423917.28,485057567.9,499481485.2,2026-07-09,449531200,511499900,28907344.32,473017929.8,298947400,3390.120336,14108493.66,265718819.2,279827312.8,2026-07-09,151950000,165245900,4347345.834,151290567,99325900,1063.904153,513319.91,87303456.7,87816776.61,2026-07-09,77700000,113701200,-18817100.37,82880918.08,54434300,595.2335376,6329113.6,42802653.06,49131766.66,2026-07-09,76400000,81684000,-5457385.419,75327464.26,46602000,478.1901038,-2111431.29,41582198.84,39470767.55,2026-07-09,45331300,45331300,3104379.024,45317614.18,28316000,303.8500727,-551788.43,25632181.13,25080392.7,2026-07-09,23559100,22959100,-8360385.263,26119210.98,9142200,91.58167333,-3519179.21,11078513.69,7559334.48,2026-07-09,31976900,32902500,-12440997.14,47616184.1,9199500,128.3605246,-344610.96,10939745.28,10595134.4
1227,Христинівська міська,Уманський,Христинівська міська,2026-07-09,278615607,290090059,23109780.19,280976109.5,178466207,5125.385594,11567975.53,150609475.5,162177451,2026-07-09,158225099,158975319,17087240.25,158810938.8,97616320,2881.190831,8302626.64,82864013.63,91166640.27,2026-07-09,49511604,57511604,12446346.6,50721418.43,39546183,1144.832875,5978356.75,30246445.07,36224801.82,2026-07-09,15960000,16360000,1148054.071,15236698.79,10030000,286.5120504,1174685.78,7891128.52,9065814.3,2026-07-09,7500000,7500000,-693572.0611,6847769.22,4030000,111.384373,-343506.88,3867931.21,3524424.33,2026-07-09,35229790,35359790,-5635880.008,36085468.61,18123615,486.419471,-2662233.08,18053517.98,15391284.9,2026-07-09,9659588,10519660,-2135395.789,9288969.07,6576356,137.2050098,-719631.06,5061071.98,4341440.92,2026-07-09,2529526,3863686,892987.1271,3984846.58,2543733,77.8409838,-162322.62,2625367.11,2463044.46
1404,Черкаська міська,Черкаський,Черкаська міська,2026-07-09,4825666500,5175666500,-365522455,4181027511,3076585033,9200.909189,65959749.73,2424772372,2490732122,2026-07-09,2870084300,3220084300,-359597853,2366222452,1842675000,5471.577522,110428235.1,1370755158,1481183393,2026-07-09,888600000,888600000,7983395.271,813244692.8,572150000,1714.996957,-22870970.3,487129221.6,464258251.3,2026-07-09,254350000,254350000,-11045656.13,212938188.2,169972733,465.3958701,17225031.49,108759957.5,125984989,2026-07-09,299102000,299102000,-31320463.26,270365843.1,186300000,512.2161788,-16752228.72,155411709.4,138659480.7,2026-07-09,314775000,314775000,-18371030.37,297661902.7,181600000,566.9655591,-18070784.83,171551196.5,153480411.7,2026-07-09,124910200,124910200,-13078789.09,117351129.1,80684200,213.9126493,-18836797.4,76744021.13,57907223.73,2026-07-09,73845000,73845000,59907941.58,103243303.1,43203100,255.8444527,14837264.39,54421107.87,69258372.57
1088,Чорнобаївська селищна,Золотоніський,Чорнобаївська селищна,2026-07-09,249208000,264908000,12818456.52,257095395.6,154519300,7248.804974,-10896929.04,154705970.9,143809041.9,2026-07-09,133550000,144956700,15120007.59,137513744.7,85514800,4178.085331,-6919012.53,89808047.42,82889034.89,2026-07-09,42600000,44771000,-1033795.913,43798882.1,25368000,1141.563776,-1402753.11,24050236.87,22647483.76,2026-07-09,6450000,6639700,-175246.5286,6165732.64,3883700,168.7255981,161569.06,3185778.08,3347347.14,2026-07-09,5900000,6132600,173422.4984,5913628.17,3592600,164.5904673,-143531.62,3408841.9,3265310.28,2026-07-09,54512000,55304000,-2671430.449,53415851.42,31178000,1373.737442,-1475027.59,28728604.7,27253577.11,2026-07-09,2027000,2491000,152182.7061,2219847.61,1873700,68.98844347,-65154.02,1433815.75,1368661.73,2026-07-09,4169000,4613000,1253316.616,8067708.96,3108500,153.1139161,-1053019.23,4090646.18,3037626.99
757,Шрамківська сільська,Золотоніський,Шрамківська сільська,2026-07-09,114988100,120488100,-4760984.766,117444907.3,61469300,5366.689186,-5321148.47,65245599.92,59924451.45,2026-07-09,48913100,52113100,-4628673.432,49951277.97,23925100,2202.026362,-977346.96,25565173.32,24587826.36,2026-07-09,19711400,20211400,-241443.1376,20189627.75,11044300,926.0798675,-229794.55,10570402.35,10340607.8,2026-07-09,10601200,10916200,-259978.419,10406162.64,6373400,494.1679312,85314.01,5432565.11,5517879.12,2026-07-09,2857300,2857300,5625.625926,2748258.11,1614100,132.764322,-19540.87,1501987.29,1482446.42,2026-07-09,26341100,27541100,-616939.773,27027767.55,13872000,1248.571687,-3167661.17,17109212.63,13941551.46,2026-07-09,6342700,6442700,813204.3114,6770807.78,4333900,336.4827951,-1127919.24,4885086.13,3757166.89,2026-07-09,221300,406300,167220.0583,351005.5,306500,26.5962212,115800.31,181173.09,296973.4